Restaurants,African
Restaurants,American (Traditional)
Restaurants,Argentine
Restaurants,Asian Fusion
Restaurants,Barbeque
Restaurants,Basque
Restaurants,Belgian
Restaurants,Bistros
Restaurants,Brasseries
Restaurants,Brazilian
Restaurants,Breakfast & Brunch
Restaurants,British
Restaurants,Buffets
Restaurants,Burgers
Restaurants,Burmese
Restaurants,Cafes
Restaurants,Cajun/Creole
Restaurants,Cambodian
Restaurants,Caribbean
Restaurants,Chinese
Restaurants,Creperies
Restaurants,Cuban
Restaurants,Delis
Restaurants,Diners
Restaurants,Ethiopian
Restaurants,Fast Food
Restaurants,Filipino
Restaurants,Fish & Chips
Restaurants,Fondue
Restaurants,Food Stands
Restaurants,French
Restaurants,Gastropubs
Restaurants,German
Restaurants,Gluten-Free
Restaurants,Greek
Restaurants,Halal
Restaurants,Hawaiian
Restaurants,Himalayan/Nepalese
Restaurants,Hot Dogs
Restaurants,Hungarian
Restaurants,Indian
Restaurants,Indonesian
Restaurants,Irish
Restaurants,Italian
Restaurants,Japanese
Restaurants,Korean
Restaurants,Kosher
Restaurants,Latin American
Restaurants,Live/Raw Food
Restaurants,Malaysian
Restaurants,Mediterranean
Restaurants,Mexican
Restaurants,Middle Eastern
Restaurants,Modern European
Restaurants,Mongolian
Restaurants,Moroccan
Restaurants,Pakistani
Restaurants,Persian/Iranian
Restaurants,Peruvian
Restaurants,Pizza
Restaurants,Polish
Restaurants,Portuguese
Restaurants,Russian
Restaurants,Sandwiches
Restaurants,Scandinavian
Restaurants,Seafood
Restaurants,Singaporean
Restaurants,Soul Food
Restaurants,Soup
Restaurants,Spanish
Restaurants,Steakhouses
Restaurants,Sushi Bars
Restaurants,Taiwanese
Restaurants,Tapas Bars
Restaurants,Tapas/Small Plates
Restaurants,Tex-Mex
Restaurants,Thai
Restaurants,Turkish
Restaurants,Ukrainian
Restaurants,Vegan
Restaurants,Vegetarian
Restaurants,Vietnamese
Nightlife,Adult Entertainment
Nightlife,Bars
Nightlife,Comedy Clubs
Nightlife,Dance Clubs
Nightlife,Jazz & Blues
Nightlife,Karaoke
Nightlife,Music Venues
Nightlife,Pool Halls
Food,Bagels
Food,Bakeries
Food,"Beer, Wine & Spirits"
Food,Breweries
Food,Coffee & Tea
Food,Convenience Stores
Food,Desserts
Food,Do-It-Yourself Food
Food,Donuts
Food,Farmers Market
Food,Food Delivery Services
Food,Grocery
Food,Ice Cream & Frozen Yogurt
Food,Internet Cafes
Food,Juice Bars & Smoothies
Food,Specialty Food
Food,Street Vendors
Food,Tea Rooms
Food,Wineries
Shopping,Adult
Shopping,Antiques
Shopping,Art Galleries
Shopping,Arts & Crafts
Shopping,Baby Gear & Furniture
Shopping,"Books, Mags, Music and Video"
Shopping,Bridal
Shopping,Computers
Shopping,Cosmetics & Beauty Supply
Shopping,Department Stores
Shopping,Discount Store
Shopping,Drugstores
Shopping,Electronics
Shopping,Eyewear & Opticians
Shopping,Fashion
Shopping,Flea Markets
Shopping,Flowers & Gifts
Shopping,Hobby Shops
Shopping,Home & Garden
Shopping,Jewelry
Shopping,Knitting Supplies
Shopping,Luggage
Shopping,Mobile Phones
Shopping,Musical Instruments & Teachers
Shopping,Office Equipment
Shopping,Outlet Stores
Shopping,Pawn Shops
Shopping,Personal Shopping
Shopping,Photography Stores & Services
Shopping,Shopping Centers
Shopping,Sporting Goods
Shopping,Thrift Stores
Shopping,Tobacco Shops
Shopping,Toy Stores
Shopping,Watches
Shopping,Wholesale Stores
Beauty & Spas,Barbers
Beauty & Spas,Cosmetics & Beauty Supply
Beauty & Spas,Day Spas
Beauty & Spas,Eyelash Service
Beauty & Spas,Hair Removal
Beauty & Spas,Hair Salons
Beauty & Spas,Makeup Artists
Beauty & Spas,Massage
Beauty & Spas,Medical Spas
Beauty & Spas,Nail Salons
Beauty & Spas,Piercing
Beauty & Spas,Skin Care
Beauty & Spas,Tanning
Beauty & Spas,Tattoo
Event & Planning Services,Boat Charters
Event & Planning Services,Cards & Stationery
Event & Planning Services,Caterers
Event & Planning Services,DJs
Event & Planning Services,Hotels
Event & Planning Services,Party & Event Planning
Event & Planning Services,Party Supplies
Event & Planning Services,Personal Chefs
Event & Planning Services,Photographers
Event & Planning Services,Venues & Event Spaces
Event & Planning Services,Videographers
Event & Planning Services,Wedding Planning
Hotels & Travel,Airports
Hotels & Travel,Bed & Breakfast
Hotels & Travel,Campgrounds
Hotels & Travel,Car Rental
Hotels & Travel,Guest Houses
Hotels & Travel,Hostels
Hotels & Travel,Hotels
Hotels & Travel,Ski Resorts
Hotels & Travel,Tours
Hotels & Travel,Transportation
Hotels & Travel,Travel Services
Hotels & Travel,Vacation Rental Agents
Active Life,Amateur Sports Teams
Active Life,Amusement Parks
Active Life,Aquariums
Active Life,Beaches
Active Life,Bike Rentals
Active Life,Boating
Active Life,Bowling
Active Life,Diving
Active Life,Fishing
Active Life,Fitness & Instruction
Active Life,Golf
Active Life,Gun/Rifle Ranges
Active Life,Hiking
Active Life,Lakes
Active Life,Leisure Centers
Active Life,Mini Golf
Active Life,Mountain Biking
Active Life,Parks
Active Life,Playgrounds
Active Life,Rafting/Kayaking
Active Life,Recreation Centers
Active Life,Skating Rinks
Active Life,Soccer
Active Life,Sports Clubs
Active Life,Summer Camps
Active Life,Swimming Pools
Active Life,Tennis
Active Life,Zoos
Health & Medical,Acupuncture
Health & Medical,Chiropractors
Health & Medical,Counseling & Mental Health
Health & Medical,Dentists
Health & Medical,Doctors
Health & Medical,Home Health Care
Health & Medical,Hospitals
Health & Medical,Laser Eye Surgery/Lasik
Health & Medical,Medical Centers
Health & Medical,Medical Spas
Health & Medical,Midwives
Health & Medical,Nutritionists
Health & Medical,Optometrists
Health & Medical,Physical Therapy
Health & Medical,Retirement Homes
Health & Medical,Speech Therapists
Health & Medical,Traditional Chinese Medicine
Health & Medical,Urgent Care
Health & Medical,Weight Loss Centers
Local Services,Appliances & Repair
Local Services,Carpet Cleaning
Local Services,Child Care & Day Care
Local Services,Community Service/Non-Profit
Local Services,Couriers & Delivery Services
Local Services,Dry Cleaning & Laundry
Local Services,Electronics Repair
Local Services,Funeral Services & Cemeteries
Local Services,Furniture Reupholstery
Local Services,IT Services & Computer Repair
Local Services,Junk Removal and Hauling
Local Services,Notaries
Local Services,Pest Control
Local Services,Printing Services
Local Services,Recording & Rehearsal Studios
Local Services,Self Storage
Local Services,Sewing & Alterations
Local Services,Shipping Centers
Local Services,Shoe Repair
Local Services,Watch Repair
Home Services,Building Supplies
Home Services,Carpet Installation
Home Services,Carpeting
Home Services,Contractors
Home Services,Electricians
Home Services,Flooring
Home Services,Gardeners
Home Services,Handyman
Home Services,Heating & Air Conditioning/HVAC
Home Services,Home Cleaning
Home Services,Home Inspectors
Home Services,Home Theatre Installation
Home Services,Interior Design
Home Services,Internet Service Providers
Home Services,Keys & Locksmiths
Home Services,Landscape Architects
Home Services,Landscaping
Home Services,Lighting Fixtures & Equipment
Home Services,Movers
Home Services,Painters
Home Services,Plumbing
Home Services,Real Estate
Home Services,Roofing
Home Services,Security Systems
Home Services,Shades & Blinds
Home Services,Solar Installation
Home Services,Television Service Providers
Home Services,Tree Services
Home Services,Window Washing
Home Services,Windows Installation
Local Flavor,Local Flavor
Pets,Animal Shelters
Pets,Pet Services
Pets,Pet Stores
Pets,Veterinarians
Public Services & Government,Departments of Motor Vehicles
Public Services & Government,Landmarks & Historical Buildings
Public Services & Government,Libraries
Public Services & Government,Police Departments
Public Services & Government,Post Offices
Education,Adult Education
Education,Colleges & Universities
Education,Educational Services
Education,Elementary Schools
Education,Middle Schools & High Schools
Education,Preschools
Education,Private Tutors
Education,Special Education
Education,Specialty Schools
Education,Test Preparation
Education,Tutoring Centers
Real Estate,Apartments
Real Estate,Home Staging
Real Estate,Mortgage Brokers
Real Estate,Property Management
Real Estate,Real Estate Agents
Real Estate,Real Estate Services
Real Estate,University Housing
Automotive,Auto Repair
Automotive,Car Dealers
Automotive,Car Wash
Automotive,Gas & Service Stations
Automotive,Motorcycle Dealers
Automotive,Motorcycle Repair
Automotive,Parking
Automotive,Smog Check Stations
Automotive,Tires
Automotive,Towing
Professional Services,Accountants
Professional Services,Advertising
Professional Services,Architects
Professional Services,Career Counseling
Professional Services,Employment Agencies
Professional Services,Graphic Design
Professional Services,Internet Service Providers
Professional Services,Lawyers
Professional Services,Life Coach
Professional Services,Marketing
Professional Services,Office Cleaning
Professional Services,Private Investigation
Professional Services,Public Relations
Professional Services,Video/Film Production
Professional Services,Web Design
Mass Media,Print Media
Mass Media,Radio Stations
Mass Media,Television Stations
Financial Services,Banks & Credit Unions
Financial Services,Check Cashing/Pay-day Loans
Financial Services,Financial Advising
Financial Services,Insurance
Financial Services,Investing
Financial Services,Tax Services
Religious Organizations,Buddhist Temples
Religious Organizations,Churches
Religious Organizations,Hindu Temples
Religious Organizations,Mosques
Religious Organizations,Synagogues
